sku,brand,name,category,price
U9060ERC,New Balance,9060,Uomo,190
U90603EG,New Balance,9060,Donna,190
BARROW-TEE-01,Barrow,Jersey T-Shirt,Uomo,90
BARROW-HOODIE-01,Barrow,Iconic Hoodie,Uomo,145
BARROW-DENIM-01,Barrow,Denim Jeans,Donna,210
MOKH1M060LBA1160100,Moschino,Teddy Bear Maxi T-Shirt,Kids,85
MOKHZF08VLCA7760100,Moschino,Teddy Bear Sweatshirt,Kids,99
KDQ1090D00BNDQ900,Dsquared2,D2Kids Junior Down Jacket,Kids,390
KDQ1090D00BNDQ900-ALT,Dsquared2,D2Kids Junior Down Jacket / Black Edit,Kids,390
